{"issues":[],"originID":"2561b0de-c667-4e95-8425-96fb34b636d7","originEID":"mc0057jbb58l24fzylc-7b1t27pq","data":{"categoryId":"{{mcpm#/entities/categories/1968254/data/id}}","name":"BounceHistory","steps":[{"activities":[{"name":"BounceHistory","activityObjectId":"{{mcpm#/entities/queryActivities/f90e15d8-04e4-4aa7-9476-92cf65a8bbb3/data/id}}","objectTypeId":300,"displayOrder":0,"serializedObject":"<QueryDefinition xmlns:xsd=\"http://www.w3.org/2001/XMLSchema\" xmlns:xsi=\"http://www.w3.org/2001/XMLSchema-instance\" xmlns=\"http://exacttarget.com/wsdl/partnerAPI\"><PartnerKey xsi:nil=\"true\" /><ObjectID>f90e15d8-04e4-4aa7-9476-92cf65a8bbb3</ObjectID><Name>BounceHistory</Name></QueryDefinition>"}],"annotation":"","name":""}],"startSource":{"typeId":1,"schedule":{"iCalRecur":"FREQ=DAILY;UNTIL=20790606;INTERVAL=1","startDate":"2022-07-29T19:00:00","timeZoneId":76}}}}