{"issues":[],"originID":"f90e15d8-04e4-4aa7-9476-92cf65a8bbb3","originEID":"mc0057jbb58l24fzylc-7b1t27pq","data":{"name":"BounceHistory","categoryId":"{{mcpm#/entities/categories/1947929/data/id}}","description":"","isFrozen":false,"queryText":"SELECT b.JobID, b.ListID, b.BatchID, b.SubscriberID, b.EventDate, s.EmailAddress, \ns.SubscriberKey, j.EmailName, b.Domain, b.BounceCategory, b.SMTPBounceReason \nFROM _Bounce b\nJOIN _Subscribers s ON s.SubscriberID = b.SubscriberID\nJOIN _Job j ON j.JobID = b.JobID\nWHERE b.EventDate > DATEADD(dd, -180, GETDATE())","targetId":"{{mcpm#/entities/dataExtensions/055bc986-890f-ed11-b84c-48df37d1dc79/data/id}}","targetUpdateTypeId":1,"targetUpdateTypeName":"Update"}}