{"dataExtensions/055bc986-890f-ed11-b84c-48df37d1dc79":[{"identifier":"categories/1947923","relationship":"required"}],"automations/2561b0de-c667-4e95-8425-96fb34b636d7":[{"identifier":"queryActivities/f90e15d8-04e4-4aa7-9476-92cf65a8bbb3","relationship":"required"},{"identifier":"categories/1968254","relationship":"required"}],"queryActivities/f90e15d8-04e4-4aa7-9476-92cf65a8bbb3":[{"identifier":"dataExtensions/055bc986-890f-ed11-b84c-48df37d1dc79","relationship":"required"},{"identifier":"categories/1947929","relationship":"required"}],"categories/1947923":[],"categories/1968254":[],"categories/1947929":[]}